title	status	frames	blank	frozen	distinct	first_motion	late_distinct	late_changes	wall_s
Dragon Ball - Origins	ok	3600	0.2175	0.4253	1992	242	900	899	21
Etrian Odyssey	ok	3600	0.0619	0.0603	1928	52	900	899	26
Golden Sun - Dark Dawn	ok	3600	0.1181	0.4892	1406	27	24	278	51
Legend of Zelda, The - Spirit Tracks	ok	3600	0.0369	0.0583	3389	24	900	899	38
Mario & Luigi - Bowser's Inside Story	ok	3600	0.0386	0.1636	2997	46	900	899	16
Meteos	ok	3600	0.0467	0.4547	1945	128	494	493	15
New Super Mario Bros.	ok	3600	0.0411	0.1508	3056	25	849	848	29
Pokemon - White Version 2	ok	3600	0.1189	0.8617	488	245	146	145	24
Rhythm Heaven	ok	3600	0.0472	0.7381	48	52	8	251	18
Super Mario 64 DS	ok	3600	0.0261	0.0853	3293	38	900	899	12
American Girl - Julie Finds a Way	ok	3600	0.085	0.7864	79	13	4	224	8
Art Academy	static	3600	0.0558	0.9889	23	31	1	0	6
Element Hunters	ok	3600	0.0278	0.5147	372	60	138	450	13
Final Fantasy III	static	3600	0.0853	0.9706	95	28	1	0	10
Final Fantasy Tactics A2 - Grimoire of the Rift	ok	3600	0.0786	0.2231	2750	26	899	898	13
Florist Shop	ok	3600	0.0408	0.5467	89	13	63	430	10
Imagine - Champion Rider	ok	3600	0.0458	0.4967	1746	87	635	634	28
Legend of Kay	ok	3600	0.0153	0.1178	366	49	300	896	32
Monster Tale	ok	3600	0.0242	0.2597	2633	34	778	777	10
Ore ga Omae o Mamoru	ok	3600	0.0489	0.9131	84	52	2	56	9
Pokemon - Black Version	ok	3600	0.1614	0.8594	495	249	135	135	26
Puppy Palace	static	3600	0.0222	0.9656	91	41	1	0	8
Sonic Chronicles - The Dark Brotherhood	ok	3600	0.0311	0.7883	704	51	97	150	17
Spider-Man - Shattered Dimensions	static	3600	0.025	0.9731	57	17	1	0	8
Tongari Boushi to Oshare na Mahou Tsukai	ok	3600	0.0322	0.8914	33	72	4	104	16
Will o' Wisp DS	ok	3600	0.0381	0.6458	1242	66	362	361	13
Yu-Gi-Oh! 5D's - World Championship 2010 - Reverse of Arcadia	ok	3600	0.0683	0.2208	2721	59	848	862	20
ZhuZhu Babies (Europe)	static	3600	0.0536	0.9947	19	34	1	0	7
Advance Wars - Days of Ruin	ok	3600	0.0792	0.7508	791	69	256	255	15
Animal Crossing - Wild World	ok	3600	0.1058	0.2272	2724	103	800	804	33
Brain Age - Train Your Brain in Minutes a Day!	ok	3600	0.0422	0.1442	1925	10	762	899	20
Castlevania - Dawn of Sorrow	ok	3600	0.0375	0.7608	819	130	151	150	15
Chrono Trigger	ok	3600	0.0292	0.8053	666	73	184	184	10
Cooking Mama	ok	3600	0.0794	0.3031	1990	49	267	308	11
DK - Jungle Climber	ok	3600	0.0831	0.9569	35	43	2	30	12
Dragon Quest IX - Sentinels of the Starry Skies	ok	3600	0.0753	0.8522	482	69	181	180	12
Final Fantasy IV	ok	3600	0.1558	0.8261	573	56	182	181	16
Grand Theft Auto - Chinatown Wars	static	3600	0.1328	0.9339	224	19	1	0	9
Inazuma Eleven 2 - Firestorm	ok	3600	0.0514	0.7322	960	91	259	258	14
Kirby Super Star Ultra	ok	3600	0.0742	0.4056	1929	101	465	464	19
Legend of Zelda, The - Phantom Hourglass	ok	3600	0.0436	0.0681	3329	32	900	899	27
Mario Kart DS	ok	3600	0.1308	0.3975	2168	141	900	899	21
Pokemon - HeartGold Version	ok	3600	0.0856	0.7133	1023	189	268	270	11
Pokemon - Platinum Version	ok	3600	0.1089	0.6692	1172	117	397	396	13
Professor Layton and the Curious Village	ok	3600	0.0389	0.4892	1333	49	515	514	10
Spore Creatures	static	3600	0.0194	0.9942	21	45	1	0	8
